{
    "aquatic_environment": {
        "anger": 0.12048192771084337,
        "disgust": 0.04216867469879518,
        "fear": 0.20481927710843373,
        "joy": 0.4939759036144578,
        "sadness": 0.10843373493975904,
        "surprise": 0.030120481927710843
    },
    "cold_environment": {
        "anger": 0.14814814814814814,
        "disgust": 0.0,
        "fear": 0.25925925925925924,
        "joy": 0.37037037037037035,
        "sadness": 0.07407407407407407,
        "surprise": 0.14814814814814814
    },
    "cultural_space": {
        "anger": 0.10493046776232617,
        "disgust": 0.05309734513274336,
        "fear": 0.09102402022756005,
        "joy": 0.5537294563843237,
        "sadness": 0.13400758533501897,
        "surprise": 0.0632111251580278
    },
    "indoor_commercial": {
        "anger": 0.11424100156494522,
        "disgust": 0.06729264475743349,
        "fear": 0.1111111111111111,
        "joy": 0.49765258215962443,
        "sadness": 0.162754303599374,
        "surprise": 0.046948356807511735
    },
    "indoor_institutional": {
        "anger": 0.1091164095371669,
        "disgust": 0.07769985974754558,
        "fear": 0.12622720897615708,
        "joy": 0.45217391304347826,
        "sadness": 0.16830294530154277,
        "surprise": 0.06647966339410939
    },
    "indoor_residential": {
        "anger": 0.07352941176470588,
        "disgust": 0.058823529411764705,
        "fear": 0.10294117647058823,
        "joy": 0.5735294117647058,
        "sadness": 0.14705882352941177,
        "surprise": 0.04411764705882353
    },
    "industrial_facility": {
        "anger": 0.12568306010928962,
        "disgust": 0.05919854280510018,
        "fear": 0.3233151183970856,
        "joy": 0.2204007285974499,
        "sadness": 0.2331511839708561,
        "surprise": 0.03825136612021858
    },
    "natural_landscape": {
        "anger": 0.03424657534246575,
        "disgust": 0.0273972602739726,
        "fear": 0.17123287671232876,
        "joy": 0.6438356164383562,
        "sadness": 0.08904109589041095,
        "surprise": 0.03424657534246575
    },
    "religious_or_historical_site": {
        "anger": 0.1065989847715736,
        "disgust": 0.06598984771573604,
        "fear": 0.16243654822335024,
        "joy": 0.4010152284263959,
        "sadness": 0.20812182741116753,
        "surprise": 0.05583756345177665
    },
    "rural_or_recreational_area": {
        "anger": 0.13541666666666666,
        "disgust": 0.0546875,
        "fear": 0.09765625,
        "joy": 0.5,
        "sadness": 0.171875,
        "surprise": 0.040364583333333336
    },
    "sports_and_entertainment": {
        "anger": 0.19201030927835053,
        "disgust": 0.027061855670103094,
        "fear": 0.1129725085910653,
        "joy": 0.5008591065292096,
        "sadness": 0.09707903780068729,
        "surprise": 0.0700171821305842
    },
    "transport_infrastructure": {
        "anger": 0.16201117318435754,
        "disgust": 0.07262569832402235,
        "fear": 0.12849162011173185,
        "joy": 0.37988826815642457,
        "sadness": 0.19553072625698323,
        "surprise": 0.061452513966480445
    },
    "urban_outdoor": {
        "anger": 0.23368324965769055,
        "disgust": 0.0689183021451392,
        "fear": 0.1853035143769968,
        "joy": 0.2660885440438156,
        "sadness": 0.19899589228662712,
        "surprise": 0.04701049748973072
    }
}